{"cameraMode":{"drawMode":0,"name":"Shaded","section":"Shading Mode"},"sceneLighting":false,"audioPlay":false,"sceneViewState":{"m_AlwaysRefresh":false,"showFog":true,"showSkybox":false,"showFlares":true,"showImageEffects":true,"showParticleSystems":true,"showVisualEffectGraphs":true,"m_FxEnabled":true},"in2DMode":false,"pivot":{"x":0.6635581254959106,"y":2.263604164123535,"z":-0.46692657470703127},"rotation":{"x":0.025467097759246827,"y":-0.29914650321006777,"z":-0.007980810478329659,"w":-0.9538547992706299},"size":6.737462520599365,"orthographic":false}